101_1.tif;Id1;[(339, 5), (238, 21), (263, 21), (309, 21), (226, 29), (241, 29), (290, 33), (232, 45), (346, 45), (259, 49), (279, 49), (218, 53), (335, 61), (322, 65), (360, 65), (342, 73), (318, 81), (327, 81), (239, 89), (371, 89), (271, 93), (371, 105), (299, 109), (237, 121), (338, 121), (369, 121), (356, 125), (225, 129), (233, 129), (258, 133), (372, 137), (311, 141), (346, 145), (271, 153), (223, 169), (284, 169), (327, 181), (240, 185), (356, 197), (303, 213), (286, 225), (284, 246), (274, 250), (331, 258), (348, 266), (261, 278), (345, 278), (343, 298), (270, 306), (293, 322), (304, 326), (316, 358), (307, 362), (313, 370), (280, 374)];[(263, 21), (367, 21), (225, 29), (336, 33), (230, 45), (345, 45), (303, 73), (318, 81), (216, 89), (239, 89), (208, 93), (316, 101), (223, 109), (338, 121), (356, 125), (323, 157), (244, 169), (262, 181), (265, 205), (340, 213), (294, 225), (315, 229), (291, 245), (259, 257), (316, 257), (266, 265), (303, 265), (323, 265), (346, 265), (287, 269), (336, 269), (321, 277), (264, 285), (273, 285), (328, 329), (283, 373), (325, 385), (277, 389), (324, 393)];[(356, 13), (263, 21), (227, 29), (241, 29), (219, 33), (300, 33), (336, 33), (324, 37), (234, 41), (268, 45), (333, 45), (225, 49), (247, 57), (330, 57), (261, 61), (321, 61), (279, 65), (303, 73), (319, 81), (375, 85), (239, 89), (216, 101), (316, 101), (299, 109), (212, 117), (220, 117), (332, 117), (236, 121), (314, 125), (356, 125), (223, 129), (233, 129), (372, 129), (259, 137), (346, 145), (271, 153), (323, 157), (236, 177), (245, 177), (262, 181), (319, 185), (337, 197), (355, 197), (346, 201), (314, 205), (303, 213), (340, 213), (315, 229), (307, 245), (295, 253), (259, 257), (302, 261), (266, 265), (323, 265), (346, 265), (287, 269), (336, 269), (302, 277), (352, 277), (377, 277), (263, 285), (273, 285), (305, 285), (346, 289), (259, 305), (257, 313), (306, 321), (328, 329), (308, 333), (269, 337), (304, 341), (315, 345), (277, 373), (325, 385), (277, 389), (324, 393)]
101_2.tif;Id2;[(290, 58), (347, 74), (355, 74), (366, 86), (328, 94), (380, 106), (387, 122), (390, 134), (384, 142), (395, 150), (412, 154), (404, 158), (392, 170), (404, 190), (206, 198), (405, 202), (393, 206), (413, 206), (387, 214), (206, 238), (406, 270), (203, 274), (380, 294), (213, 298), (369, 298), (388, 302), (237, 306), (247, 306), (271, 306), (200, 314), (373, 314), (277, 318), (227, 330), (253, 330), (266, 334), (254, 338), (324, 342), (287, 346), (340, 350), (424, 354), (342, 366), (232, 370), (317, 374), (420, 382), (257, 390), (350, 398), (244, 402), (277, 410), (393, 410), (288, 426), (344, 430), (292, 442), (337, 446)];[(338, 58), (395, 138), (379, 150), (395, 150), (246, 162), (330, 162), (379, 162), (354, 166), (326, 170), (423, 170), (270, 174), (414, 178), (345, 182), (376, 182), (393, 182), (318, 186), (366, 186), (326, 190), (304, 194), (351, 194), (369, 198), (317, 202), (328, 202), (343, 202), (387, 202), (429, 202), (357, 210), (370, 210), (303, 214), (348, 214), (290, 218), (311, 218), (334, 218), (365, 218), (377, 218), (293, 226), (304, 226), (374, 226), (385, 226), (324, 230), (245, 234), (261, 234), (314, 234), (339, 234), (356, 234), (369, 234), (419, 234), (218, 238), (229, 238), (274, 238), (384, 238), (262, 242), (307, 242), (367, 242), (417, 242), (230, 246), (352, 246), (248, 250), (266, 250), (342, 250), (333, 254), (386, 254), (228, 258), (239, 258), (250, 258), (308, 258), (297, 262), (326, 262), (339, 262), (402, 262), (416, 262), (240, 266), (319, 270), (265, 274), (308, 274), (349, 274), (329, 278), (339, 278), (416, 278), (252, 282), (301, 282), (316, 282), (355, 282), (368, 282), (267, 286), (291, 286), (238, 290), (324, 290), (362, 290), (247, 294), (271, 294), (214, 298), (360, 298), (382, 298), (229, 302), (261, 302), (334, 302), (271, 306), (325, 306), (350, 306), (289, 314), (357, 314), (408, 314), (428, 314), (225, 318), (236, 318), (310, 318), (301, 322), (341, 322), (290, 326), (323, 330), (233, 334), (419, 342), (340, 350), (415, 350), (330, 354), (349, 354), (370, 358), (329, 362), (260, 366), (417, 366), (332, 370), (343, 374), (383, 378), (271, 386), (384, 386), (430, 390), (383, 398), (277, 410), (335, 426), (343, 430), (369, 438), (317, 442), (253, 450), (327, 454)];[(338, 58), (375, 90), (375, 102), (366, 110), (386, 110), (283, 114), (223, 118), (387, 122), (383, 130), (359, 138), (395, 138), (271, 146), (361, 150), (379, 150), (395, 150), (313, 154), (302, 158), (340, 158), (357, 158), (374, 158), (391, 158), (404, 158), (214, 166), (354, 166), (400, 166), (413, 166), (392, 170), (320, 174), (333, 174), (350, 174), (364, 174), (409, 174), (388, 178), (345, 182), (376, 182), (411, 186), (304, 194), (340, 194), (369, 198), (317, 202), (343, 202), (360, 202), (429, 202), (378, 206), (220, 210), (329, 210), (357, 210), (322, 214), (349, 214), (432, 214), (337, 218), (365, 218), (377, 218), (255, 222), (292, 226), (304, 226), (374, 226), (411, 226), (252, 230), (324, 230), (222, 234), (261, 234), (298, 234), (314, 234), (356, 234), (369, 234), (381, 234), (327, 238), (308, 242), (349, 242), (367, 242), (377, 242), (220, 246), (230, 246), (241, 246), (254, 246), (401, 246), (416, 246), (392, 250), (232, 254), (304, 254), (319, 254), (218, 258), (250, 258), (265, 258), (337, 258), (351, 258), (312, 262), (326, 262), (416, 262), (301, 266), (338, 266), (368, 266), (382, 266), (206, 270), (290, 270), (319, 270), (361, 270), (265, 274), (309, 274), (349, 274), (410, 274), (329, 278), (251, 282), (262, 282), (297, 282), (316, 282), (355, 282), (368, 282), (233, 286), (333, 286), (347, 286), (385, 286), (406, 286), (262, 290), (277, 290), (296, 290), (309, 290), (325, 290), (362, 290), (375, 290), (214, 294), (247, 294), (338, 294), (288, 298), (303, 298), (360, 298), (382, 298), (221, 302), (229, 302), (261, 302), (270, 306), (296, 306), (325, 306), (350, 306), (257, 310), (285, 310), (407, 310), (306, 314), (332, 314), (358, 314), (372, 314), (225, 318), (266, 318), (277, 318), (341, 318), (301, 322), (333, 326), (345, 326), (276, 330), (293, 330), (416, 330), (265, 334), (301, 334), (328, 334), (301, 342), (338, 342), (286, 350), (298, 350), (318, 350), (340, 350), (377, 350), (415, 350), (307, 354), (330, 354), (288, 358), (300, 358), (329, 362), (260, 366), (293, 366), (417, 366), (227, 370), (332, 370), (261, 374), (343, 374), (415, 374), (295, 378), (380, 378), (390, 378), (253, 382), (328, 382), (360, 382), (271, 386), (229, 390), (258, 390), (418, 390), (272, 394), (259, 398), (348, 398), (383, 398), (394, 410), (421, 410), (251, 418), (301, 418), (407, 418), (350, 422), (420, 422), (397, 430), (282, 434), (273, 438), (316, 442), (292, 446), (331, 446), (253, 450), (322, 450), (373, 454), (317, 458)]
101_3.tif;Id3;[(311, 128), (343, 144), (347, 156), (224, 208), (189, 288), (298, 312), (319, 312), (362, 320), (300, 324), (288, 332), (327, 332), (300, 340), (286, 344), (322, 344), (282, 368), (298, 368), (318, 368), (240, 384), (277, 384), (285, 384), (319, 396), (336, 396), (258, 400), (327, 400), (299, 404), (222, 408), (257, 408), (231, 416), (252, 420), (347, 424), (257, 428), (219, 432), (272, 448)];[(251, 243), (242, 287), (343, 287), (291, 319), (359, 319), (374, 327), (277, 355), (246, 379), (372, 379), (370, 391), (208, 403), (245, 403), (313, 403), (208, 411), (216, 411), (278, 411), (208, 419), (336, 419), (266, 423), (205, 427), (284, 427), (313, 427), (223, 431), (241, 435), (255, 435)];[(251, 148), (233, 196), (215, 224), (307, 252), (413, 252), (348, 292), (330, 296), (374, 312), (360, 320), (378, 324), (314, 332), (269, 336), (186, 348), (282, 368), (249, 388), (370, 392), (238, 400), (209, 404), (314, 404), (335, 404), (359, 408), (208, 412), (294, 416), (283, 420), (218, 424), (286, 428), (347, 428), (219, 436), (324, 440), (255, 448), (268, 448), (327, 448), (301, 452), (338, 456), (266, 464), (293, 468)]
101_4.tif;Id4;[(233, 85), (315, 93), (224, 129), (310, 129), (297, 137), (331, 137), (221, 145), (315, 149), (326, 149), (295, 153), (320, 161), (182, 165), (195, 165), (275, 165), (221, 169), (177, 173), (342, 173), (280, 189), (320, 189), (345, 189), (196, 193), (169, 201), (265, 205), (281, 205), (171, 209), (189, 209), (197, 209), (220, 209), (311, 209), (305, 217), (176, 221), (215, 221), (320, 221), (192, 225), (335, 225), (230, 229), (275, 229), (326, 229), (356, 229), (162, 237), (200, 237), (320, 237), (170, 241), (187, 241), (355, 241), (237, 245), (314, 245), (325, 245), (336, 245), (365, 245), (205, 253), (332, 253), (341, 253), (362, 253), (167, 257), (193, 257), (301, 257), (220, 261), (336, 261), (367, 265), (258, 269), (360, 269), (190, 273), (303, 277), (183, 281), (232, 281), (341, 281), (195, 285), (334, 285), (268, 289), (314, 289), (174, 297), (191, 297), (224, 297), (301, 297), (289, 301), (191, 309), (255, 309), (219, 313), (301, 313), (235, 317), (200, 321), (258, 321), (270, 321), (360, 329), (240, 345), (219, 349), (307, 353), (334, 353), (242, 377), (297, 389), (303, 397), (232, 401), (300, 433)];[(262, 88), (209, 100), (203, 120), (314, 132), (325, 132), (200, 136), (287, 136), (335, 140), (188, 148), (324, 148), (341, 152), (198, 156), (185, 160), (282, 160), (328, 160), (177, 164), (294, 168), (344, 168), (324, 172), (332, 172), (212, 176), (292, 176), (312, 176), (343, 176), (172, 180), (199, 184), (334, 184), (343, 184), (292, 188), (353, 188), (221, 192), (322, 192), (330, 192), (339, 192), (175, 196), (185, 196), (199, 200), (345, 200), (215, 204), (176, 212), (190, 216), (211, 216), (308, 220), (351, 220), (164, 224), (363, 228), (174, 236), (192, 236), (201, 236), (165, 240), (238, 244), (168, 256), (246, 260), (180, 264), (366, 268), (181, 272), (168, 276), (250, 276), (311, 276), (347, 276), (233, 280), (359, 280), (181, 284), (310, 284), (365, 288), (172, 292), (275, 292), (340, 292), (300, 296), (311, 296), (293, 300), (189, 304), (278, 308), (312, 308), (252, 312), (268, 312), (269, 320), (362, 324), (194, 328), (246, 328), (322, 328), (306, 340), (320, 352), (206, 372), (215, 372), (188, 376), (223, 380), (350, 380), (195, 384), (351, 396), (275, 404), (305, 412), (246, 424), (260, 424), (299, 424), (273, 471)];[(272, 72), (209, 100), (203, 120), (300, 124), (314, 132), (325, 132), (335, 140), (188, 148), (324, 148), (335, 148), (198, 156), (191, 160), (286, 160), (294, 160), (338, 160), (184, 164), (358, 164), (294, 168), (303, 168), (344, 168), (170, 172), (311, 172), (319, 172), (332, 172), (212, 176), (292, 176), (343, 176), (175, 180), (308, 180), (199, 184), (334, 184), (343, 184), (317, 188), (353, 188), (169, 192), (197, 192), (185, 196), (312, 196), (323, 196), (343, 196), (169, 200), (199, 200), (222, 200), (304, 200), (215, 204), (280, 204), (164, 208), (310, 208), (325, 208), (343, 208), (176, 212), (190, 216), (211, 216), (304, 216), (349, 216), (178, 220), (361, 224), (325, 228), (346, 232), (192, 236), (281, 236), (165, 240), (238, 244), (167, 248), (192, 248), (330, 252), (337, 260), (359, 260), (348, 264), (182, 268), (311, 268), (366, 268), (168, 276), (235, 276), (250, 276), (302, 276), (311, 276), (347, 276), (356, 276), (181, 284), (196, 284), (310, 284), (276, 288), (365, 288), (174, 292), (294, 292), (340, 292), (199, 296), (244, 300), (306, 300), (315, 300), (352, 300), (189, 304), (293, 304), (176, 308), (247, 308), (278, 308), (302, 308), (312, 308), (218, 312), (363, 312), (269, 320), (194, 328), (246, 328), (263, 328), (322, 328), (207, 336), (314, 336), (185, 340), (280, 340), (230, 344), (336, 344), (309, 348), (183, 352), (204, 356), (213, 356), (221, 356), (295, 360), (317, 364), (188, 376), (265, 380), (349, 380), (195, 384), (309, 396), (351, 396), (209, 400), (336, 400), (298, 408), (276, 412), (220, 416), (267, 420), (227, 424), (245, 424), (292, 424), (282, 432), (273, 471)]
101_5.tif;Id5;[(354, 68), (287, 72), (343, 72), (378, 80), (388, 80), (388, 88), (345, 92), (265, 96), (251, 100), (273, 100), (346, 100), (364, 100), (248, 108), (306, 108), (262, 112), (380, 112), (242, 116), (390, 116), (400, 116), (275, 120), (345, 120), (260, 128), (289, 128), (403, 132), (247, 136), (258, 136), (391, 136), (280, 140), (373, 140), (259, 144), (330, 144), (244, 148), (258, 152), (363, 152), (405, 152), (375, 156), (387, 156), (366, 160), (390, 164), (408, 164), (250, 168), (260, 168), (272, 168), (361, 168), (234, 176), (323, 176), (302, 184), (415, 184), (248, 188), (257, 188), (280, 188), (379, 188), (221, 196), (268, 200), (316, 200), (395, 200), (232, 204), (209, 208), (227, 216), (238, 216), (252, 220), (371, 220), (363, 236), (274, 240), (364, 244), (390, 244), (263, 248), (361, 252), (369, 252), (268, 256), (251, 260), (337, 260), (296, 264), (218, 268), (267, 268), (317, 268), (276, 272), (335, 272), (227, 276), (311, 276), (344, 276), (253, 280), (263, 280), (275, 280), (292, 280), (272, 288), (225, 292), (196, 296), (205, 296), (231, 300), (275, 300), (357, 300), (345, 308), (353, 308), (269, 312), (329, 316), (229, 320), (309, 324), (325, 324), (311, 332), (246, 348), (334, 348), (216, 364), (287, 372), (261, 392), (304, 396), (260, 412), (260, 425)];[(334, 30), (379, 50), (381, 66), (361, 70), (274, 74), (374, 74), (359, 86), (254, 90), (382, 90), (390, 90), (371, 98), (381, 98), (398, 102), (241, 106), (389, 106), (265, 110), (258, 114), (235, 122), (407, 122), (383, 126), (391, 126), (399, 126), (368, 130), (410, 130), (268, 138), (409, 138), (232, 142), (386, 150), (398, 150), (270, 154), (245, 158), (328, 166), (258, 170), (235, 174), (364, 178), (240, 186), (265, 186), (306, 194), (355, 194), (408, 194), (378, 206), (257, 222), (332, 222), (414, 222), (211, 226), (370, 226), (222, 230), (208, 234), (377, 234), (257, 238), (201, 242), (212, 246), (388, 246), (378, 250), (236, 254), (363, 254), (203, 258), (286, 258), (307, 258), (330, 258), (334, 266), (342, 266), (265, 270), (315, 270), (390, 270), (211, 274), (316, 278), (220, 286), (286, 286), (297, 286), (353, 286), (274, 290), (388, 290), (213, 294), (264, 294), (287, 294), (278, 306), (329, 306), (264, 310), (343, 310), (195, 314), (242, 314), (220, 318), (317, 318), (343, 318), (303, 322), (217, 326), (327, 326), (302, 330), (364, 330), (198, 334), (298, 338), (326, 338), (262, 342), (353, 342), (300, 346), (252, 350), (257, 358), (305, 358), (218, 366), (229, 374), (211, 378), (257, 378), (226, 382), (302, 390), (242, 394), (264, 394), (229, 423), (300, 435)];[(361, 47), (372, 47), (301, 51), (285, 55), (315, 55), (376, 59), (320, 71), (360, 75), (376, 79), (253, 83), (264, 91), (363, 99), (379, 103), (397, 103), (264, 111), (257, 115), (235, 119), (392, 119), (401, 119), (399, 127), (232, 131), (320, 131), (369, 131), (386, 131), (339, 135), (396, 135), (226, 139), (267, 139), (260, 143), (416, 143), (253, 151), (263, 151), (380, 151), (399, 151), (215, 159), (336, 163), (356, 163), (376, 163), (257, 171), (326, 171), (379, 171), (402, 171), (238, 179), (406, 179), (390, 183), (214, 187), (239, 187), (228, 191), (287, 191), (385, 191), (356, 195), (401, 195), (412, 195), (318, 199), (256, 207), (337, 207), (403, 207), (364, 211), (340, 219), (217, 223), (322, 223), (369, 227), (253, 231), (215, 235), (376, 235), (258, 239), (366, 243), (262, 247), (328, 247), (284, 251), (207, 255), (394, 255), (270, 259), (364, 259), (349, 263), (385, 263), (370, 267), (190, 271), (214, 271), (354, 271), (250, 275), (266, 275), (345, 275), (326, 279), (240, 283), (259, 283), (283, 283), (376, 283), (359, 287), (219, 291), (253, 291), (296, 291), (333, 291), (381, 291), (231, 299), (273, 299), (300, 299), (320, 303), (343, 303), (366, 303), (217, 307), (264, 307), (246, 311), (275, 311), (361, 311), (194, 315), (220, 319), (285, 319), (255, 331), (278, 331), (322, 331), (363, 331), (209, 335), (313, 339), (321, 339), (343, 343), (241, 347), (252, 347), (288, 347), (338, 351), (347, 351), (215, 355), (214, 367), (337, 367), (238, 371), (301, 371), (330, 371), (260, 375), (221, 383), (246, 395), (263, 395), (296, 395), (312, 399), (285, 407), (252, 411), (229, 423), (270, 423), (300, 435), (239, 439)]
101_6.tif;Id6;[(219, 65), (297, 77), (284, 85), (233, 93), (291, 117), (278, 133), (196, 137), (296, 145), (258, 149), (288, 149), (319, 153), (270, 157), (286, 157), (315, 161), (266, 165), (328, 173), (229, 177), (271, 177), (283, 177), (294, 181), (271, 185), (311, 189), (321, 189), (147, 193), (156, 193), (210, 197), (284, 197), (296, 197), (172, 201), (277, 201), (356, 201), (250, 205), (271, 209), (242, 213), (218, 217), (276, 217), (252, 221), (310, 221), (195, 229), (245, 229), (343, 229), (156, 233), (319, 233), (267, 237), (144, 241), (193, 241), (232, 249), (161, 253), (256, 257), (160, 265), (180, 265), (206, 265), (214, 265), (257, 269), (163, 277), (188, 285), (201, 285), (240, 285), (364, 289), (188, 297), (259, 297), (356, 305), (223, 313), (212, 321), (328, 321), (256, 333), (294, 333), (218, 349), (324, 353), (244, 361), (327, 361), (299, 381), (226, 385), (328, 393), (271, 401), (258, 413), (263, 421), (248, 425)];[(201, 67), (306, 83), (317, 103), (179, 107), (316, 111), (291, 127), (305, 135), (252, 139), (282, 139), (337, 139), (305, 151), (288, 155), (296, 155), (321, 155), (263, 159), (339, 159), (294, 163), (321, 163), (158, 171), (192, 179), (261, 179), (278, 183), (331, 183), (290, 187), (298, 187), (309, 187), (206, 191), (269, 195), (296, 195), (322, 199), (348, 199), (182, 203), (291, 203), (313, 203), (347, 207), (364, 211), (166, 215), (266, 215), (332, 215), (292, 219), (179, 223), (232, 227), (171, 231), (342, 231), (284, 235), (184, 239), (229, 243), (357, 243), (237, 247), (307, 247), (335, 247), (170, 255), (181, 259), (195, 259), (325, 259), (286, 263), (350, 263), (362, 263), (180, 267), (217, 267), (320, 267), (163, 271), (148, 275), (206, 275), (325, 275), (276, 279), (177, 287), (206, 287), (235, 287), (306, 287), (169, 291), (209, 295), (261, 295), (187, 299), (305, 299), (234, 303), (184, 307), (221, 307), (268, 307), (359, 315), (226, 319), (234, 323), (302, 327), (224, 331), (316, 335), (152, 339), (162, 343), (193, 343), (254, 343), (262, 343), (237, 359), (288, 363), (228, 375), (242, 375), (266, 387), (334, 391), (221, 399), (286, 427)];[(201, 67), (291, 75), (202, 99), (179, 107), (239, 107), (290, 107), (298, 107), (310, 107), (180, 115), (300, 123), (316, 123), (330, 123), (294, 139), (337, 139), (241, 151), (305, 151), (267, 155), (296, 155), (321, 155), (288, 159), (340, 159), (279, 163), (255, 167), (322, 167), (335, 167), (158, 171), (303, 171), (191, 179), (277, 183), (304, 183), (290, 187), (336, 187), (269, 195), (295, 195), (209, 199), (243, 199), (259, 199), (348, 199), (182, 203), (291, 203), (313, 203), (322, 203), (333, 203), (166, 215), (265, 215), (332, 215), (365, 215), (292, 219), (139, 223), (179, 223), (265, 223), (282, 223), (251, 227), (328, 227), (171, 231), (342, 231), (362, 231), (184, 239), (194, 239), (306, 239), (229, 243), (357, 243), (186, 247), (237, 247), (253, 247), (261, 247), (162, 251), (170, 255), (210, 255), (307, 255), (342, 255), (147, 259), (181, 259), (195, 259), (277, 259), (325, 259), (335, 259), (169, 263), (251, 263), (262, 263), (285, 263), (362, 263), (203, 267), (237, 267), (320, 267), (163, 271), (184, 271), (146, 275), (325, 275), (208, 279), (276, 279), (345, 279), (291, 283), (177, 287), (235, 287), (312, 287), (169, 291), (150, 295), (209, 295), (246, 295), (261, 295), (192, 299), (201, 299), (236, 299), (343, 299), (256, 303), (279, 303), (305, 303), (178, 307), (213, 307), (221, 307), (268, 307), (341, 307), (241, 311), (359, 315), (155, 319), (203, 319), (228, 319), (244, 319), (174, 323), (352, 323), (244, 327), (303, 327), (316, 335), (152, 339), (247, 343), (300, 347), (223, 363), (264, 363), (288, 363), (319, 367), (217, 371), (242, 375), (218, 379), (326, 379), (230, 391), (335, 391), (221, 399), (254, 399), (246, 407), (222, 411), (286, 427)]
101_7.tif;Id7;[(247, 99), (263, 115), (347, 119), (357, 119), (248, 123), (355, 127), (369, 127), (235, 135), (323, 135), (368, 135), (348, 143), (373, 147), (381, 147), (265, 155), (350, 159), (390, 159), (335, 163), (225, 167), (266, 171), (228, 175), (239, 175), (262, 183), (216, 187), (399, 187), (233, 191), (252, 191), (263, 191), (214, 195), (305, 195), (339, 195), (363, 195), (371, 195), (226, 199), (235, 199), (254, 199), (272, 203), (331, 203), (280, 207), (321, 207), (217, 211), (343, 215), (400, 215), (332, 219), (233, 227), (241, 227), (292, 227), (255, 231), (245, 235), (311, 235), (271, 239), (280, 239), (260, 243), (316, 247), (377, 247), (209, 251), (248, 255), (383, 255), (307, 259), (374, 259), (393, 263), (252, 271), (364, 271), (385, 275), (262, 279), (395, 283), (268, 291), (323, 291), (368, 291), (233, 303), (397, 303), (270, 307), (310, 315), (237, 319), (364, 323), (216, 327), (277, 331), (389, 351), (249, 355), (340, 371), (329, 383), (343, 383), (301, 387), (311, 387), (318, 395), (265, 399), (284, 407)];[(261, 67), (236, 99), (263, 115), (347, 119), (336, 123), (369, 127), (339, 135), (368, 143), (377, 143), (355, 151), (385, 151), (220, 155), (213, 163), (357, 163), (372, 163), (210, 171), (312, 171), (383, 171), (242, 183), (386, 183), (216, 187), (219, 195), (363, 195), (240, 203), (219, 207), (240, 215), (322, 215), (266, 219), (388, 227), (255, 231), (333, 231), (238, 239), (359, 243), (233, 247), (377, 247), (383, 255), (307, 259), (367, 263), (339, 267), (382, 287), (333, 303), (397, 303), (303, 311), (320, 311), (398, 311), (367, 315), (224, 323), (371, 323), (346, 331), (363, 331), (291, 335), (381, 335), (396, 335), (283, 339), (340, 339), (350, 355), (224, 359), (236, 359), (280, 363), (236, 367), (316, 371), (256, 399), (357, 403), (280, 407), (339, 407), (303, 423), (296, 427), (315, 440)];[(245, 87), (236, 99), (247, 99), (327, 107), (248, 111), (369, 127), (214, 131), (339, 135), (348, 143), (360, 143), (368, 143), (377, 143), (282, 151), (348, 151), (358, 151), (380, 151), (220, 155), (305, 159), (386, 159), (390, 167), (386, 183), (204, 187), (216, 187), (339, 195), (363, 195), (355, 199), (240, 203), (321, 203), (217, 211), (240, 215), (343, 215), (266, 219), (332, 219), (394, 219), (270, 227), (292, 227), (336, 227), (359, 227), (255, 231), (211, 239), (239, 239), (295, 239), (226, 243), (359, 243), (305, 247), (377, 247), (389, 247), (209, 251), (372, 255), (350, 259), (271, 263), (367, 263), (247, 267), (214, 271), (297, 279), (372, 279), (214, 283), (346, 283), (394, 283), (301, 287), (381, 287), (214, 291), (403, 291), (311, 295), (216, 299), (324, 299), (337, 299), (353, 299), (381, 299), (397, 303), (310, 307), (399, 311), (257, 315), (309, 315), (338, 315), (367, 315), (239, 319), (323, 319), (371, 323), (346, 331), (291, 335), (381, 335), (398, 335), (374, 339), (282, 347), (300, 351), (372, 351), (388, 351), (348, 355), (224, 359), (236, 359), (374, 359), (267, 363), (340, 363), (236, 367), (330, 367), (316, 371), (244, 375), (294, 375), (360, 375), (342, 379), (292, 383), (318, 399), (280, 407), (283, 423), (303, 423), (311, 423), (329, 423)]
101_8.tif;Id8;[(340, 147), (353, 195), (287, 199), (354, 247), (374, 247), (307, 251), (234, 259), (316, 259), (370, 259), (242, 263), (266, 263), (354, 263), (363, 263), (250, 267), (288, 287), (258, 291), (355, 291), (319, 303), (346, 307), (244, 315), (332, 319), (368, 335), (291, 435)];[(258, 34), (275, 69), (286, 73), (328, 93), (336, 109), (326, 117), (212, 121), (330, 129), (343, 129), (316, 141), (332, 141), (344, 149), (355, 149), (224, 157), (314, 157), (334, 169), (300, 181), (330, 181), (344, 181), (353, 181), (210, 185), (319, 185), (337, 189), (213, 193), (299, 193), (351, 193), (317, 197), (343, 197), (359, 197), (214, 205), (310, 205), (357, 205), (228, 209), (252, 209), (282, 209), (367, 209), (355, 213), (255, 217), (346, 217), (225, 221), (179, 225), (299, 225), (352, 225), (316, 229), (291, 233), (357, 233), (279, 237), (313, 241), (327, 241), (337, 241), (301, 245), (372, 245), (276, 249), (355, 249), (194, 253), (240, 253), (204, 257), (248, 257), (291, 257), (299, 257), (349, 257), (274, 261), (194, 265), (212, 265), (356, 265), (371, 265), (297, 269), (346, 269), (269, 273), (339, 273), (206, 277), (214, 277), (329, 277), (179, 281), (194, 281), (211, 285), (328, 285), (203, 289), (349, 289), (363, 289), (309, 293), (202, 297), (268, 297), (285, 297), (327, 297), (192, 301), (212, 301), (207, 313), (190, 321), (337, 329), (192, 337), (205, 345), (298, 345), (297, 357), (290, 361), (364, 365), (225, 373), (343, 373), (265, 377), (207, 381), (228, 381), (258, 381), (262, 389), (209, 393), (223, 409), (232, 409), (262, 417), (278, 421), (293, 425), (269, 469)];[(258, 33), (286, 73), (306, 77), (326, 93), (330, 101), (225, 105), (233, 105), (337, 109), (297, 121), (211, 125), (330, 129), (311, 133), (320, 133), (348, 133), (332, 141), (345, 141), (312, 149), (328, 149), (344, 149), (214, 153), (314, 157), (221, 165), (311, 165), (336, 165), (359, 165), (206, 169), (234, 169), (300, 169), (328, 169), (261, 173), (211, 177), (359, 177), (300, 181), (207, 185), (247, 185), (319, 185), (333, 185), (357, 185), (365, 185), (313, 193), (340, 193), (230, 197), (283, 197), (335, 201), (214, 205), (233, 205), (317, 205), (252, 209), (282, 209), (327, 209), (362, 209), (223, 213), (320, 213), (342, 213), (255, 217), (292, 217), (306, 217), (225, 221), (348, 221), (299, 225), (365, 225), (288, 229), (316, 229), (357, 233), (279, 237), (255, 241), (313, 241), (327, 241), (338, 241), (215, 245), (281, 245), (289, 245), (301, 245), (353, 245), (372, 245), (338, 249), (194, 253), (229, 253), (240, 253), (252, 253), (359, 253), (204, 257), (299, 257), (349, 257), (232, 261), (274, 261), (190, 265), (212, 265), (252, 265), (356, 265), (371, 265), (198, 269), (226, 269), (305, 269), (325, 269), (346, 269), (206, 273), (269, 273), (339, 273), (290, 277), (329, 277), (194, 281), (202, 281), (212, 281), (354, 281), (285, 285), (312, 285), (325, 285), (189, 289), (203, 289), (225, 289), (304, 289), (351, 289), (363, 289), (295, 293), (344, 293), (268, 297), (285, 297), (327, 297), (359, 297), (194, 301), (212, 301), (218, 309), (256, 309), (195, 313), (207, 313), (360, 313), (223, 317), (343, 321), (194, 325), (221, 325), (372, 325), (337, 329), (212, 337), (204, 341), (271, 341), (212, 345), (260, 345), (193, 353), (203, 353), (235, 353), (245, 353), (260, 353), (297, 357), (252, 361), (272, 361), (280, 361), (362, 365), (230, 369), (292, 369), (211, 373), (239, 373), (343, 373), (302, 377), (223, 381), (256, 381), (212, 385), (329, 385), (360, 385), (214, 397), (224, 397), (328, 397), (338, 401), (218, 405), (235, 405), (325, 405), (211, 421), (278, 421), (294, 421)]
102_1.tif;Id9;[(307, 65), (253, 145), (223, 149), (345, 161), (213, 177), (279, 177), (336, 185), (258, 193), (272, 193), (294, 197), (245, 205), (235, 209), (256, 213), (330, 213), (280, 217), (233, 225), (276, 225), (259, 233), (281, 237), (231, 241), (309, 245), (274, 253), (311, 253), (342, 253), (257, 257), (265, 257), (286, 257), (367, 257), (257, 269), (341, 273), (289, 277), (319, 277), (348, 281), (271, 285), (323, 297), (299, 305), (338, 317), (338, 333)];[(298, 42), (347, 101), (212, 125), (221, 149), (203, 169), (226, 169), (348, 181), (203, 185), (245, 185), (258, 193), (342, 193), (236, 197), (297, 197), (214, 213), (256, 213), (330, 213), (209, 221), (252, 229), (262, 229), (231, 241), (262, 249), (252, 257), (264, 257), (285, 257), (430, 257), (301, 261), (287, 265), (257, 269), (303, 273), (319, 277), (347, 281), (329, 293), (338, 317)];[(266, 66), (275, 126), (224, 142), (212, 162), (235, 166), (225, 174), (281, 178), (200, 182), (371, 182), (266, 190), (280, 190), (292, 194), (337, 202), (234, 214), (272, 222), (337, 222), (290, 226), (221, 242), (276, 242), (347, 246), (371, 246), (233, 250), (237, 258), (277, 258), (298, 258), (307, 262), (326, 270), (259, 274), (294, 274), (304, 274), (267, 282), (311, 282), (327, 286), (303, 294), (294, 314), (311, 318), (344, 318), (324, 330)]
102_2.tif;Id10;[(295, 52), (363, 64), (233, 76), (342, 84), (356, 88), (359, 100), (321, 108), (391, 108), (381, 116), (325, 124), (302, 132), (210, 148), (224, 168), (268, 168), (193, 180), (205, 180), (251, 184), (198, 188), (186, 192), (189, 204), (283, 204), (426, 212), (183, 216), (305, 232), (229, 252), (317, 252), (421, 252), (271, 256), (309, 256), (189, 280), (175, 292), (230, 300), (240, 304), (331, 316), (213, 320), (296, 320), (358, 324), (191, 332), (279, 332), (290, 332), (251, 336), (425, 336), (296, 340), (404, 348), (393, 352), (194, 356), (238, 356), (259, 356), (405, 364), (210, 368), (262, 376), (355, 376), (406, 380), (273, 384), (288, 388), (296, 392), (326, 392), (346, 396), (362, 396), (403, 400), (323, 404), (348, 408), (387, 412), (323, 416), (262, 420), (418, 420), (322, 436), (298, 448), (367, 452)];[(289, 46), (297, 54), (233, 74), (315, 78), (323, 82), (370, 98), (330, 102), (339, 110), (316, 118), (349, 118), (366, 118), (399, 118), (339, 122), (347, 126), (363, 130), (358, 138), (334, 142), (349, 142), (393, 142), (214, 146), (305, 146), (350, 154), (363, 154), (391, 154), (236, 158), (208, 162), (219, 162), (350, 166), (212, 170), (339, 170), (369, 170), (381, 170), (330, 174), (223, 178), (233, 178), (340, 182), (394, 182), (330, 186), (387, 186), (402, 186), (349, 190), (416, 190), (367, 194), (408, 194), (226, 198), (358, 198), (213, 202), (244, 202), (404, 202), (291, 206), (198, 210), (315, 210), (357, 210), (381, 210), (215, 214), (233, 214), (347, 214), (374, 214), (308, 218), (179, 222), (237, 222), (300, 222), (329, 222), (356, 222), (368, 222), (421, 222), (268, 226), (347, 226), (410, 226), (227, 230), (300, 230), (340, 230), (315, 234), (356, 234), (369, 234), (377, 234), (251, 238), (333, 238), (347, 238), (394, 238), (319, 242), (429, 242), (224, 246), (340, 246), (373, 246), (400, 246), (197, 250), (328, 250), (366, 250), (380, 254), (270, 258), (336, 258), (350, 258), (172, 262), (221, 262), (328, 262), (375, 262), (313, 266), (355, 266), (367, 266), (405, 266), (395, 270), (422, 270), (289, 274), (336, 274), (385, 274), (262, 282), (307, 282), (355, 282), (405, 282), (347, 286), (267, 290), (303, 290), (371, 290), (285, 298), (355, 298), (377, 298), (404, 298), (277, 302), (343, 302), (389, 302), (326, 310), (334, 310), (268, 314), (318, 314), (364, 314), (402, 314), (420, 314), (339, 318), (298, 322), (381, 322), (256, 326), (329, 326), (338, 326), (387, 330), (416, 330), (270, 334), (222, 338), (348, 338), (262, 342), (311, 342), (325, 342), (357, 346), (373, 346), (256, 350), (303, 350), (334, 350), (281, 354), (293, 354), (364, 354), (271, 358), (382, 358), (205, 362), (300, 362), (402, 362), (414, 362), (332, 366), (253, 370), (320, 370), (382, 370), (396, 370), (297, 374), (223, 378), (321, 378), (205, 382), (257, 382), (286, 382), (335, 386), (291, 390), (258, 398), (348, 398), (267, 406), (325, 406), (345, 406), (415, 406), (289, 418), (286, 426), (252, 430), (387, 430), (296, 466)];[(289, 46), (297, 54), (323, 82), (319, 94), (351, 94), (286, 102), (375, 102), (350, 106), (324, 110), (339, 110), (334, 118), (349, 118), (366, 118), (382, 118), (233, 122), (343, 126), (339, 134), (368, 134), (358, 138), (389, 138), (334, 142), (349, 142), (214, 146), (305, 146), (367, 146), (397, 146), (363, 154), (377, 154), (236, 158), (254, 158), (301, 158), (340, 158), (410, 158), (208, 162), (221, 162), (376, 166), (402, 166), (340, 170), (355, 170), (197, 174), (219, 174), (330, 174), (271, 178), (401, 178), (239, 182), (340, 182), (224, 186), (314, 186), (411, 186), (279, 190), (335, 190), (390, 190), (227, 194), (310, 194), (367, 194), (281, 198), (298, 198), (358, 198), (213, 202), (244, 202), (254, 202), (353, 206), (199, 210), (228, 210), (236, 210), (315, 210), (330, 210), (381, 210), (215, 214), (361, 214), (374, 214), (352, 218), (389, 218), (179, 222), (221, 222), (231, 222), (343, 222), (368, 222), (421, 222), (246, 226), (268, 226), (308, 226), (227, 230), (315, 234), (356, 234), (369, 234), (418, 234), (265, 238), (333, 238), (347, 238), (204, 242), (320, 242), (411, 242), (429, 242), (214, 246), (223, 246), (275, 246), (373, 246), (400, 246), (197, 250), (328, 250), (366, 250), (251, 254), (380, 254), (394, 254), (313, 258), (336, 258), (344, 258), (411, 258), (172, 262), (205, 262), (269, 262), (306, 262), (328, 262), (375, 262), (239, 266), (367, 266), (404, 266), (331, 270), (360, 270), (382, 270), (237, 274), (264, 274), (289, 274), (348, 274), (322, 278), (388, 278), (262, 282), (307, 282), (367, 282), (405, 282), (419, 282), (347, 286), (358, 286), (382, 286), (252, 290), (268, 290), (303, 290), (442, 290), (363, 294), (242, 298), (285, 298), (405, 298), (195, 302), (389, 302), (241, 306), (197, 310), (213, 310), (303, 310), (326, 310), (334, 310), (348, 310), (413, 310), (242, 314), (402, 314), (422, 314), (323, 318), (331, 318), (339, 318), (253, 322), (298, 322), (220, 326), (329, 326), (338, 326), (385, 326), (278, 330), (361, 330), (416, 330), (187, 334), (270, 334), (305, 334), (232, 338), (348, 338), (311, 342), (325, 342), (300, 346), (357, 346), (373, 346), (256, 350), (268, 350), (290, 350), (319, 350), (281, 354), (335, 354), (364, 354), (410, 354), (206, 358), (247, 358), (271, 358), (297, 358), (385, 358), (238, 362), (402, 362), (420, 362), (263, 366), (303, 366), (319, 366), (332, 366), (369, 366), (377, 366), (392, 366), (253, 370), (267, 374), (297, 374), (223, 378), (284, 378), (353, 378), (205, 382), (257, 382), (239, 390), (268, 390), (278, 390), (339, 390), (258, 398), (275, 398), (348, 398), (235, 402), (286, 402), (327, 402), (267, 406), (306, 406), (345, 406), (415, 406), (289, 418), (302, 426), (381, 426), (252, 430), (289, 430), (371, 442), (295, 466), (344, 466)]
102_3.tif;Id11;[(309, 57), (374, 57), (389, 65), (298, 81), (290, 113), (329, 117), (303, 129), (302, 149), (334, 153), (400, 157), (238, 161), (421, 165), (238, 173), (341, 177), (280, 185), (305, 185), (294, 189), (387, 189), (325, 193), (381, 201), (389, 205), (415, 205), (237, 209), (374, 209), (248, 213), (341, 213), (360, 213), (324, 221), (313, 225), (226, 233), (349, 233), (397, 237), (210, 245), (366, 245), (234, 249), (374, 249), (392, 249), (236, 257), (413, 257), (255, 265), (380, 269), (438, 269), (275, 273), (365, 273), (260, 277), (253, 285), (291, 289), (260, 297), (317, 309), (331, 317), (352, 317), (269, 321), (298, 321), (361, 321), (348, 325), (373, 337), (406, 365), (398, 385), (383, 389)];[(303, 57), (294, 101), (187, 133), (197, 149), (231, 165), (237, 173), (439, 173), (269, 177), (366, 177), (295, 197), (369, 197), (259, 205), (310, 209), (237, 213), (380, 213), (205, 217), (252, 217), (315, 225), (313, 241), (221, 245), (208, 249), (260, 249), (306, 249), (372, 249), (293, 253), (317, 257), (385, 257), (219, 261), (256, 261), (348, 261), (249, 265), (358, 265), (395, 265), (232, 269), (253, 273), (370, 277), (253, 285), (314, 285), (342, 285), (355, 293), (252, 297), (332, 297), (262, 301), (299, 301), (325, 301), (348, 301), (280, 305), (317, 309), (251, 313), (303, 313), (269, 321), (316, 321), (285, 325), (296, 329), (261, 333), (269, 337), (444, 337), (283, 345), (368, 357), (416, 369), (372, 393)];[(300, 13), (310, 61), (329, 117), (295, 125), (187, 133), (313, 133), (237, 149), (400, 157), (271, 169), (374, 169), (238, 173), (194, 177), (367, 177), (279, 185), (359, 185), (298, 189), (369, 189), (352, 193), (390, 193), (295, 197), (342, 197), (203, 201), (418, 205), (307, 209), (333, 209), (237, 213), (248, 213), (319, 213), (380, 213), (205, 217), (260, 217), (348, 217), (367, 217), (424, 217), (233, 221), (289, 221), (216, 225), (264, 225), (301, 225), (313, 225), (394, 229), (409, 229), (374, 237), (313, 241), (407, 241), (282, 249), (372, 249), (419, 249), (217, 253), (293, 253), (308, 253), (317, 253), (401, 253), (236, 257), (256, 261), (309, 261), (348, 261), (421, 261), (249, 265), (431, 265), (232, 269), (270, 269), (253, 273), (365, 273), (243, 285), (253, 285), (286, 285), (314, 285), (342, 285), (362, 285), (394, 289), (241, 293), (286, 293), (330, 293), (252, 297), (260, 297), (359, 297), (299, 301), (348, 301), (317, 309), (340, 309), (251, 313), (303, 313), (363, 313), (431, 313), (292, 317), (252, 321), (337, 321), (302, 325), (348, 325), (278, 329), (292, 329), (261, 333), (269, 337), (304, 337), (444, 337), (255, 341), (284, 341), (289, 349), (368, 357), (416, 369), (372, 393), (361, 397)]
102_4.tif;Id12;[(293, 105), (312, 121), (303, 125), (349, 149), (297, 153), (336, 153), (135, 189), (144, 197), (214, 205), (294, 205), (377, 233), (274, 241), (130, 253), (138, 257), (385, 257), (135, 273), (247, 289), (283, 293), (390, 293), (126, 297), (366, 297), (173, 301), (181, 301), (356, 301), (248, 305), (155, 313), (282, 313), (292, 313), (274, 321), (156, 325), (216, 325), (230, 325), (133, 329), (266, 329), (255, 333), (341, 333), (261, 341), (376, 341), (241, 349), (257, 353), (374, 353), (248, 357), (168, 361), (159, 365), (269, 369), (157, 373), (304, 373), (262, 377), (277, 377), (395, 377), (147, 381), (183, 381), (285, 385), (277, 393), (327, 397), (308, 401), (220, 409), (391, 409), (348, 413), (248, 421), (381, 461), (207, 465)];[(292, 105), (285, 113), (300, 113), (316, 125), (258, 133), (295, 141), (309, 141), (261, 145), (330, 149), (177, 157), (162, 161), (294, 161), (187, 165), (175, 169), (303, 169), (330, 169), (340, 169), (351, 169), (271, 177), (335, 177), (358, 177), (173, 181), (345, 181), (161, 185), (269, 185), (296, 185), (334, 185), (139, 189), (197, 189), (288, 189), (186, 193), (249, 193), (279, 193), (200, 197), (321, 197), (191, 201), (337, 201), (361, 201), (170, 205), (178, 205), (244, 205), (223, 209), (283, 209), (333, 209), (356, 209), (207, 213), (346, 213), (134, 217), (172, 217), (338, 217), (308, 221), (194, 225), (213, 225), (300, 225), (278, 229), (336, 229), (156, 237), (248, 237), (297, 237), (341, 237), (221, 241), (332, 241), (181, 245), (268, 245), (325, 245), (258, 249), (317, 249), (351, 249), (219, 253), (227, 253), (246, 253), (283, 253), (344, 253), (145, 257), (325, 257), (128, 261), (289, 261), (305, 261), (350, 261), (236, 265), (393, 265), (161, 269), (184, 269), (295, 269), (334, 269), (169, 273), (221, 273), (284, 273), (150, 277), (252, 277), (315, 277), (165, 281), (228, 281), (341, 281), (393, 281), (295, 285), (356, 285), (387, 289), (300, 293), (125, 297), (271, 297), (289, 297), (314, 297), (351, 297), (330, 301), (244, 305), (276, 305), (294, 305), (344, 305), (371, 305), (137, 309), (362, 309), (271, 313), (261, 317), (295, 317), (304, 317), (316, 317), (367, 317), (131, 325), (216, 325), (299, 325), (307, 325), (339, 333), (367, 333), (384, 333), (291, 341), (238, 345), (269, 349), (330, 353), (283, 357), (352, 361), (325, 365), (342, 365), (301, 369), (158, 373), (219, 373), (343, 377), (146, 381), (312, 381), (326, 381), (319, 397), (346, 401), (220, 409), (348, 413), (409, 413), (248, 421), (371, 469)];[(292, 105), (285, 113), (300, 113), (274, 117), (316, 125), (292, 129), (325, 133), (289, 137), (304, 137), (259, 141), (335, 141), (282, 145), (314, 145), (330, 149), (280, 153), (177, 157), (302, 157), (294, 161), (343, 161), (187, 165), (200, 165), (175, 169), (303, 169), (317, 169), (330, 169), (280, 173), (345, 173), (355, 173), (148, 177), (271, 177), (299, 177), (188, 181), (196, 181), (292, 181), (330, 181), (345, 181), (136, 185), (269, 185), (283, 185), (358, 185), (179, 189), (259, 189), (338, 189), (245, 193), (279, 193), (330, 193), (354, 193), (321, 197), (172, 201), (260, 201), (337, 201), (361, 201), (140, 205), (329, 205), (177, 209), (208, 209), (230, 209), (308, 209), (320, 209), (369, 209), (166, 213), (197, 213), (274, 213), (346, 213), (134, 217), (154, 217), (267, 217), (316, 217), (338, 217), (296, 221), (308, 221), (354, 221), (186, 225), (213, 225), (225, 225), (201, 229), (304, 229), (336, 229), (361, 229), (184, 233), (279, 233), (350, 233), (377, 233), (156, 237), (248, 237), (297, 237), (367, 237), (135, 241), (332, 241), (358, 241), (156, 245), (181, 245), (268, 245), (325, 245), (258, 249), (281, 249), (340, 249), (227, 253), (246, 253), (297, 253), (310, 253), (320, 253), (331, 253), (124, 257), (145, 257), (270, 257), (286, 257), (370, 257), (385, 257), (305, 261), (327, 261), (164, 265), (242, 265), (267, 265), (318, 265), (365, 265), (393, 265), (126, 269), (154, 269), (183, 269), (295, 269), (334, 269), (344, 269), (169, 273), (285, 273), (323, 273), (150, 277), (246, 277), (314, 277), (292, 281), (341, 281), (366, 281), (393, 281), (181, 285), (265, 285), (307, 285), (319, 285), (356, 285), (383, 285), (333, 289), (218, 293), (235, 293), (300, 293), (312, 293), (390, 293), (125, 297), (261, 297), (271, 297), (289, 297), (351, 297), (381, 297), (231, 301), (324, 301), (343, 301), (294, 305), (308, 305), (334, 305), (230, 309), (348, 309), (362, 309), (375, 309), (282, 313), (338, 313), (394, 313), (252, 317), (304, 317), (316, 317), (328, 317), (226, 321), (131, 325), (299, 325), (307, 325), (360, 325), (374, 325), (182, 329), (337, 329), (214, 333), (367, 333), (181, 337), (302, 337), (414, 337), (141, 341), (291, 341), (332, 341), (238, 345), (381, 345), (185, 349), (269, 349), (294, 353), (374, 353), (259, 357), (318, 357), (387, 357), (294, 361), (159, 365), (342, 365), (190, 369), (313, 369), (158, 373), (304, 373), (219, 377), (261, 377), (320, 377), (224, 385), (285, 385), (217, 389), (180, 393), (310, 393), (308, 401), (346, 401), (339, 405), (232, 409), (348, 413), (239, 417), (263, 421), (371, 469)]
102_5.tif;Id13;[(409, 66), (361, 78), (419, 82), (398, 90), (436, 90), (477, 98), (432, 106), (377, 114), (369, 118), (429, 122), (450, 122), (377, 130), (361, 134), (414, 134), (456, 134), (494, 138), (449, 142), (360, 146), (380, 154), (407, 162), (353, 166), (364, 166), (448, 166), (411, 170), (301, 174), (333, 174), (503, 182), (253, 186), (285, 190), (312, 198), (303, 202), (247, 210), (285, 210), (299, 210), (313, 210), (365, 210), (447, 210), (475, 210), (260, 214), (457, 218), (349, 222), (265, 226), (257, 230), (338, 230), (452, 230), (352, 234), (253, 238), (490, 238), (355, 246), (436, 250), (446, 250), (276, 262), (441, 262), (229, 274), (432, 274), (436, 282), (296, 286), (240, 306), (399, 310), (391, 322), (239, 334), (335, 350), (414, 350), (358, 358), (371, 362), (341, 374), (353, 374), (392, 378), (322, 382), (246, 386), (405, 390), (234, 394), (256, 402), (336, 422), (254, 430), (372, 470)];[(420, 58), (409, 66), (366, 82), (419, 82), (468, 82), (445, 98), (385, 106), (451, 106), (491, 110), (466, 118), (285, 126), (462, 126), (470, 134), (305, 146), (387, 146), (409, 146), (429, 146), (376, 150), (256, 154), (395, 158), (433, 158), (295, 162), (275, 166), (278, 174), (381, 174), (422, 174), (431, 174), (486, 174), (246, 178), (266, 178), (280, 182), (290, 182), (375, 182), (434, 182), (268, 186), (427, 186), (304, 190), (329, 190), (396, 190), (437, 190), (264, 194), (317, 202), (362, 202), (392, 202), (449, 202), (247, 206), (461, 206), (336, 210), (234, 214), (346, 214), (455, 214), (326, 218), (378, 218), (427, 218), (345, 222), (418, 222), (335, 226), (371, 226), (256, 230), (350, 234), (384, 234), (228, 238), (279, 238), (289, 238), (267, 242), (327, 242), (311, 246), (380, 246), (334, 250), (325, 254), (346, 254), (357, 254), (385, 254), (394, 254), (321, 262), (331, 262), (388, 266), (289, 270), (271, 274), (299, 278), (330, 282), (319, 286), (394, 286), (332, 294), (428, 294), (301, 302), (335, 302), (433, 306), (236, 310), (425, 310), (467, 310), (447, 314), (315, 318), (428, 318), (438, 318), (253, 322), (379, 322), (306, 326), (328, 330), (237, 334), (352, 342), (279, 346), (377, 350), (437, 354), (326, 362), (363, 366), (366, 374), (393, 374), (315, 390), (405, 390), (256, 418), (336, 422), (384, 422), (310, 470)];[(410, 58), (366, 82), (419, 82), (385, 94), (438, 98), (420, 102), (451, 106), (465, 114), (456, 118), (285, 126), (371, 130), (463, 130), (304, 134), (471, 134), (386, 142), (409, 146), (297, 150), (376, 150), (466, 150), (256, 154), (425, 158), (444, 158), (295, 162), (361, 162), (275, 166), (352, 166), (410, 166), (333, 174), (381, 174), (423, 174), (266, 178), (295, 178), (280, 182), (310, 182), (434, 182), (253, 186), (261, 186), (269, 186), (297, 190), (329, 190), (345, 190), (445, 190), (264, 194), (283, 194), (318, 194), (389, 194), (412, 194), (242, 198), (293, 198), (348, 198), (362, 202), (449, 202), (457, 202), (247, 206), (281, 210), (322, 210), (336, 210), (476, 210), (296, 214), (348, 218), (378, 218), (429, 222), (297, 226), (335, 226), (257, 230), (409, 230), (452, 230), (311, 234), (474, 234), (244, 238), (279, 238), (289, 238), (319, 238), (365, 238), (463, 238), (492, 242), (330, 246), (380, 246), (311, 250), (357, 254), (283, 258), (318, 258), (234, 262), (276, 262), (300, 262), (331, 262), (388, 266), (409, 266), (421, 274), (299, 278), (261, 290), (384, 290), (332, 294), (417, 294), (311, 302), (408, 302), (420, 302), (236, 310), (348, 310), (367, 310), (377, 310), (399, 310), (467, 310), (358, 314), (447, 314), (303, 318), (315, 318), (438, 318), (455, 318), (237, 322), (253, 322), (333, 322), (359, 322), (391, 322), (273, 330), (328, 330), (352, 330), (295, 334), (384, 338), (450, 338), (266, 342), (353, 342), (238, 346), (339, 354), (437, 354), (326, 362), (319, 374), (353, 374), (389, 374), (330, 378), (378, 378), (254, 382), (322, 382), (246, 386), (315, 390), (405, 390), (237, 398), (336, 422), (384, 422), (413, 450), (310, 470), (357, 474)]
102_6.tif;Id14;[(361, 80), (325, 100), (348, 100), (213, 124), (300, 132), (223, 136), (210, 152), (309, 156), (254, 172), (317, 172), (406, 176), (334, 188), (409, 192), (230, 196), (384, 196), (218, 208), (299, 212), (251, 216), (212, 220), (269, 224), (293, 228), (352, 228), (240, 232), (258, 232), (359, 240), (224, 248), (294, 248), (365, 248), (285, 252), (208, 256), (235, 256), (365, 256), (201, 260), (285, 264), (301, 264), (281, 272), (305, 272), (347, 272), (394, 272), (260, 276), (326, 276), (303, 280), (274, 284), (320, 284), (356, 288), (229, 292), (242, 292), (264, 292), (216, 296), (275, 296), (224, 300), (291, 300), (376, 304), (303, 312), (327, 312), (313, 316), (364, 320), (275, 324), (344, 324), (354, 324), (329, 332), (315, 360), (391, 360), (248, 376), (292, 380), (266, 396), (292, 408), (305, 412)];[(355, 75), (273, 103), (294, 119), (305, 123), (402, 167), (241, 175), (218, 195), (403, 199), (203, 207), (225, 207), (243, 215), (215, 223), (317, 223), (394, 223), (266, 231), (345, 231), (286, 235), (240, 251), (294, 251), (280, 255), (311, 255), (203, 267), (312, 275), (262, 279), (304, 279), (319, 283), (394, 283), (305, 287), (263, 291), (319, 291), (274, 295), (291, 299), (334, 315), (343, 315), (252, 319), (378, 319), (282, 323), (371, 323), (280, 331), (253, 335), (337, 335), (266, 347), (314, 359), (239, 363), (336, 363), (368, 395), (285, 407), (376, 411), (330, 435)];[(355, 75), (294, 119), (305, 123), (222, 135), (402, 167), (241, 175), (233, 183), (218, 195), (246, 195), (403, 199), (203, 207), (225, 207), (278, 211), (314, 211), (260, 215), (299, 215), (360, 215), (284, 219), (343, 219), (216, 223), (295, 223), (317, 223), (395, 223), (241, 231), (266, 231), (197, 235), (218, 239), (345, 239), (261, 243), (240, 251), (294, 251), (307, 251), (280, 255), (248, 259), (259, 263), (281, 263), (203, 267), (242, 271), (376, 271), (270, 275), (204, 279), (262, 279), (306, 279), (420, 283), (245, 291), (263, 291), (208, 295), (219, 295), (290, 303), (328, 303), (339, 303), (250, 307), (268, 307), (267, 315), (334, 315), (343, 315), (252, 319), (317, 319), (378, 319), (371, 323), (253, 335), (276, 335), (337, 335), (266, 347), (404, 355), (314, 359), (239, 363), (336, 363), (243, 371), (421, 379), (352, 391), (368, 395), (378, 399), (374, 411), (292, 419), (292, 427), (330, 435)]
102_7.tif;Id15;[(330, 52), (273, 72), (371, 104), (274, 116), (352, 124), (378, 124), (226, 128), (371, 128), (362, 144), (249, 148), (304, 148), (393, 152), (409, 152), (242, 156), (250, 156), (348, 156), (391, 160), (421, 160), (208, 164), (251, 164), (329, 164), (274, 168), (398, 168), (410, 168), (340, 172), (249, 176), (330, 176), (348, 180), (245, 184), (363, 184), (222, 200), (277, 200), (255, 204), (390, 204), (251, 220), (371, 220), (383, 220), (241, 224), (288, 224), (315, 224), (349, 224), (364, 224), (402, 228), (307, 244), (232, 248), (218, 252), (251, 256), (268, 256), (325, 268), (389, 268), (336, 276), (315, 284), (300, 288), (334, 288), (360, 296), (255, 300), (284, 304), (335, 304), (293, 316), (336, 316), (238, 320), (292, 340), (379, 340), (323, 356), (348, 384), (341, 404)];[(335, 44), (264, 52), (322, 64), (260, 96), (370, 128), (211, 144), (249, 148), (422, 152), (241, 156), (322, 156), (391, 160), (252, 164), (302, 164), (374, 164), (206, 168), (282, 172), (352, 172), (271, 176), (304, 176), (221, 180), (428, 196), (254, 204), (328, 208), (255, 212), (364, 212), (231, 216), (239, 216), (324, 216), (206, 220), (382, 220), (218, 224), (247, 224), (287, 224), (316, 224), (400, 228), (291, 232), (273, 236), (336, 236), (377, 236), (304, 244), (206, 248), (222, 248), (285, 252), (333, 252), (239, 256), (380, 256), (214, 264), (249, 264), (276, 264), (409, 264), (243, 276), (294, 276), (336, 276), (347, 284), (208, 292), (248, 292), (340, 292), (271, 304), (223, 320), (291, 324), (377, 328), (305, 336), (351, 368), (326, 376), (353, 388), (367, 388), (373, 396), (353, 400), (337, 408), (346, 408)];[(264, 52), (276, 52), (238, 84), (276, 88), (245, 92), (260, 96), (328, 108), (370, 128), (210, 148), (249, 148), (370, 152), (422, 152), (241, 156), (391, 160), (421, 160), (374, 164), (242, 168), (257, 168), (360, 168), (412, 168), (196, 172), (340, 172), (352, 172), (272, 176), (221, 180), (196, 188), (230, 188), (389, 188), (245, 200), (389, 200), (214, 208), (258, 208), (296, 208), (289, 212), (364, 212), (230, 216), (239, 216), (248, 216), (324, 216), (205, 220), (383, 220), (247, 224), (287, 224), (255, 228), (353, 228), (366, 228), (398, 228), (285, 232), (308, 232), (201, 236), (336, 236), (309, 240), (346, 240), (371, 244), (206, 248), (220, 248), (285, 252), (334, 252), (239, 256), (276, 256), (380, 256), (209, 260), (312, 260), (276, 264), (290, 264), (409, 264), (231, 268), (259, 272), (243, 276), (277, 276), (313, 276), (321, 276), (336, 276), (294, 280), (274, 284), (346, 284), (354, 284), (334, 288), (399, 288), (208, 292), (273, 300), (298, 300), (333, 300), (265, 312), (293, 316), (223, 320), (291, 324), (337, 328), (353, 328), (263, 332), (305, 332), (380, 332), (349, 344), (250, 360), (241, 364), (266, 376), (253, 380), (367, 388), (353, 400), (337, 408), (346, 408)]
102_8.tif;Id16;[(208, 121), (359, 129), (314, 193), (331, 197), (239, 209), (327, 209), (340, 209), (216, 213), (237, 217), (309, 217), (248, 225), (338, 225), (311, 229), (263, 233), (209, 241), (259, 241), (268, 241), (280, 253), (307, 257), (373, 261), (339, 265), (363, 265), (263, 269), (284, 277), (296, 281), (319, 281), (215, 289), (303, 293), (244, 301), (347, 301), (263, 309), (234, 313), (354, 313), (309, 321), (336, 321), (349, 321), (262, 325), (270, 325), (299, 325), (314, 329), (344, 329), (388, 329), (251, 337), (243, 345), (361, 349), (237, 353), (325, 357), (259, 369), (341, 369), (330, 373), (388, 385)];[(319, 52), (333, 52), (271, 56), (309, 60), (330, 60), (269, 64), (322, 64), (339, 64), (302, 72), (266, 76), (310, 76), (300, 80), (355, 80), (368, 80), (375, 88), (356, 92), (382, 100), (234, 104), (374, 108), (386, 112), (387, 120), (393, 132), (403, 136), (253, 140), (233, 144), (401, 152), (321, 156), (372, 160), (231, 164), (239, 164), (329, 164), (233, 180), (249, 188), (379, 188), (201, 192), (369, 192), (416, 192), (229, 196), (401, 200), (414, 200), (336, 204), (309, 208), (361, 208), (273, 212), (374, 212), (264, 216), (281, 216), (305, 216), (359, 220), (380, 220), (406, 224), (203, 228), (309, 228), (299, 232), (400, 236), (263, 240), (290, 240), (325, 240), (417, 240), (215, 244), (339, 244), (329, 252), (389, 252), (419, 252), (268, 256), (345, 256), (356, 256), (252, 260), (294, 260), (328, 260), (406, 260), (207, 264), (399, 264), (265, 268), (273, 268), (324, 268), (332, 268), (424, 268), (246, 272), (282, 272), (367, 272), (293, 276), (344, 276), (333, 280), (280, 288), (300, 288), (421, 288), (329, 292), (368, 292), (346, 300), (361, 304), (422, 304), (325, 308), (393, 308), (315, 312), (368, 312), (333, 316), (387, 316), (415, 316), (308, 320), (406, 320), (395, 324), (423, 324), (368, 328), (260, 332), (379, 336), (423, 336), (287, 340), (338, 340), (352, 364), (383, 368), (358, 376), (379, 376), (262, 392), (325, 444)];[(319, 52), (311, 56), (283, 60), (330, 60), (338, 60), (261, 64), (270, 64), (308, 64), (327, 68), (257, 72), (296, 72), (266, 76), (310, 76), (337, 76), (289, 80), (300, 80), (375, 84), (287, 88), (295, 88), (311, 92), (356, 92), (373, 92), (227, 100), (308, 100), (326, 100), (365, 100), (375, 100), (385, 100), (374, 108), (228, 112), (323, 112), (386, 112), (309, 120), (317, 120), (341, 120), (387, 120), (395, 120), (343, 128), (383, 128), (373, 132), (312, 136), (388, 136), (400, 136), (253, 140), (301, 140), (356, 140), (406, 144), (351, 148), (375, 148), (254, 152), (388, 152), (400, 152), (321, 156), (257, 160), (372, 160), (384, 160), (231, 164), (239, 164), (249, 164), (329, 164), (364, 164), (409, 164), (379, 168), (323, 172), (228, 176), (276, 176), (392, 176), (409, 176), (413, 184), (363, 188), (201, 192), (222, 192), (341, 192), (383, 192), (416, 192), (209, 196), (260, 196), (270, 196), (317, 196), (359, 196), (373, 196), (411, 200), (336, 204), (369, 204), (379, 204), (309, 208), (361, 208), (418, 208), (273, 212), (305, 216), (295, 220), (403, 220), (234, 224), (244, 224), (383, 224), (282, 228), (309, 228), (326, 228), (340, 228), (353, 228), (363, 228), (420, 228), (300, 232), (258, 236), (333, 236), (309, 240), (325, 240), (359, 240), (382, 240), (414, 240), (339, 244), (372, 244), (394, 244), (295, 248), (409, 248), (314, 252), (354, 252), (390, 252), (417, 252), (332, 256), (345, 256), (252, 260), (269, 260), (297, 260), (406, 260), (208, 264), (279, 264), (321, 264), (399, 264), (264, 268), (332, 268), (377, 268), (387, 268), (424, 268), (246, 272), (282, 272), (232, 276), (294, 276), (330, 276), (357, 276), (380, 276), (423, 276), (242, 280), (338, 284), (361, 284), (373, 284), (280, 288), (289, 288), (351, 288), (421, 288), (329, 292), (368, 292), (393, 292), (408, 292), (252, 296), (317, 296), (422, 296), (346, 300), (400, 300), (228, 304), (361, 304), (417, 304), (300, 308), (353, 308), (393, 308), (425, 308), (315, 312), (275, 316), (305, 316), (387, 316), (412, 316), (424, 316), (310, 324), (339, 324), (381, 324), (395, 324), (416, 328), (345, 332), (422, 336), (287, 340), (338, 340), (355, 344), (292, 348), (346, 348), (369, 360), (348, 364), (383, 368), (358, 376), (262, 392)]
103_1.tif;Id17;[(214, 9), (222, 17), (247, 17), (272, 17), (202, 33), (342, 73), (385, 73), (195, 81), (248, 81), (314, 89), (388, 89), (288, 97), (281, 101), (376, 109), (277, 117), (243, 121), (298, 129), (334, 137), (352, 137), (272, 161), (263, 181), (350, 201), (305, 205), (308, 265), (314, 293), (270, 297), (223, 301), (313, 313), (263, 321)];[(222, 17), (383, 77), (280, 101), (368, 109), (379, 113), (223, 129), (292, 133), (283, 137), (256, 165), (261, 181), (272, 241), (430, 257), (308, 265), (287, 273), (339, 273), (261, 277), (229, 301), (294, 309), (312, 313), (267, 341)];[(222, 17), (283, 49), (203, 53), (342, 73), (383, 77), (369, 105), (379, 113), (192, 117), (223, 129), (340, 129), (283, 137), (382, 161), (372, 173), (365, 181), (232, 201), (307, 201), (375, 205), (321, 209), (374, 225), (272, 241), (430, 257), (308, 265), (282, 273), (261, 277), (378, 285), (294, 309), (333, 309), (312, 313), (294, 325)]
103_2.tif;Id18;[(298, 79), (302, 87), (372, 111), (265, 115), (284, 115), (365, 127), (354, 131), (381, 135), (338, 155), (273, 159), (371, 159), (356, 171), (289, 175), (341, 183), (254, 191), (298, 191), (326, 191), (257, 199), (269, 203), (376, 207), (333, 215), (247, 223), (269, 223), (330, 223), (393, 223), (327, 231), (379, 247), (259, 251), (274, 255), (341, 255), (364, 255), (396, 263), (353, 267), (374, 267), (286, 275), (335, 275), (271, 283), (317, 307), (301, 315)];[(286, 114), (270, 154), (275, 162), (254, 190), (305, 198), (333, 214), (392, 214), (353, 246), (284, 274), (383, 274), (321, 278), (267, 314), (287, 314), (346, 314), (322, 318), (280, 326), (383, 326), (368, 334), (345, 342), (278, 346), (286, 350), (320, 362), (331, 366), (342, 370)];[(257, 110), (270, 154), (275, 162), (336, 182), (254, 190), (404, 198), (330, 202), (313, 210), (392, 214), (374, 218), (305, 222), (354, 246), (400, 250), (323, 254), (336, 270), (284, 274), (321, 278), (369, 278), (257, 282), (267, 314), (287, 314), (346, 314), (314, 322), (280, 326), (383, 326), (363, 330), (325, 338), (278, 346), (326, 350), (363, 354), (331, 366), (342, 370)]
103_3.tif;Id19;[(281, 57), (292, 65), (376, 65), (379, 129), (420, 165), (198, 169), (290, 189), (249, 193), (227, 197), (306, 197), (178, 209), (407, 213), (193, 225), (215, 229), (297, 233), (411, 257), (191, 269), (292, 273), (232, 301), (198, 305), (409, 313), (419, 313), (431, 313), (378, 317), (415, 321), (230, 325), (250, 325), (317, 325), (267, 329), (359, 329), (234, 333), (298, 333), (396, 333), (243, 337), (306, 337), (252, 341), (316, 341), (216, 349), (307, 349), (368, 349), (390, 353), (297, 357), (328, 357), (257, 361), (356, 365), (204, 369), (312, 369), (391, 369), (246, 381), (309, 385), (366, 393), (249, 441), (271, 441), (286, 441), (338, 445), (390, 445), (309, 449), (329, 449)];[(296, 65), (249, 77), (262, 105), (259, 117), (319, 117), (327, 121), (343, 121), (372, 125), (325, 129), (343, 129), (258, 141), (339, 145), (181, 149), (355, 149), (234, 153), (185, 157), (261, 157), (365, 157), (237, 161), (250, 161), (263, 165), (325, 165), (373, 165), (385, 165), (233, 169), (340, 169), (365, 169), (297, 173), (390, 173), (216, 177), (238, 177), (312, 177), (381, 177), (326, 181), (339, 181), (349, 181), (360, 181), (373, 181), (395, 181), (410, 185), (354, 189), (392, 189), (326, 193), (368, 193), (216, 197), (338, 197), (272, 201), (362, 201), (409, 201), (321, 205), (367, 209), (394, 209), (297, 213), (441, 213), (259, 217), (371, 217), (363, 221), (403, 221), (349, 225), (318, 229), (385, 229), (263, 233), (377, 233), (408, 233), (272, 237), (286, 237), (381, 241), (401, 241), (327, 245), (372, 245), (357, 249), (266, 253), (291, 257), (334, 257), (367, 261), (298, 265), (334, 265), (235, 269), (342, 269), (294, 273), (222, 277), (301, 281), (312, 281), (380, 281), (275, 285), (387, 289), (271, 293), (294, 293), (406, 297), (325, 301), (333, 301), (285, 305), (206, 309), (340, 309), (416, 309), (217, 313), (229, 313), (269, 313), (205, 317), (337, 317), (411, 317), (347, 321), (331, 325), (361, 325), (196, 329), (291, 329), (301, 329), (343, 329), (415, 337), (242, 341), (344, 341), (288, 345), (372, 345), (389, 353), (226, 357), (394, 361), (254, 385), (296, 441), (285, 449), (319, 473)];[(335, 37), (368, 49), (309, 53), (350, 53), (215, 69), (267, 73), (219, 77), (213, 85), (264, 85), (367, 85), (224, 89), (285, 93), (236, 105), (262, 105), (360, 105), (385, 109), (244, 113), (352, 113), (259, 117), (319, 117), (220, 121), (236, 121), (372, 125), (315, 133), (352, 133), (371, 137), (407, 137), (359, 141), (339, 145), (375, 145), (181, 149), (385, 149), (211, 153), (234, 153), (256, 153), (408, 153), (184, 157), (302, 157), (325, 157), (365, 157), (237, 161), (257, 161), (265, 161), (333, 161), (343, 161), (373, 165), (385, 165), (404, 165), (420, 165), (221, 169), (233, 169), (258, 169), (353, 169), (297, 173), (333, 173), (191, 177), (237, 177), (312, 177), (325, 177), (381, 177), (350, 181), (368, 181), (395, 181), (282, 185), (290, 185), (339, 185), (410, 185), (311, 189), (354, 189), (372, 189), (276, 193), (388, 193), (178, 197), (216, 197), (328, 197), (349, 197), (259, 201), (362, 201), (409, 201), (234, 205), (321, 205), (394, 209), (262, 213), (297, 213), (441, 213), (234, 217), (249, 217), (283, 217), (363, 221), (403, 221), (413, 221), (226, 225), (290, 225), (389, 225), (235, 229), (318, 229), (376, 229), (252, 233), (263, 233), (232, 237), (202, 241), (241, 241), (381, 241), (326, 245), (279, 253), (312, 253), (228, 257), (291, 257), (334, 257), (375, 257), (263, 261), (367, 261), (186, 265), (275, 265), (298, 265), (386, 265), (225, 269), (334, 269), (342, 269), (270, 273), (294, 273), (358, 273), (222, 277), (280, 277), (371, 277), (422, 277), (214, 281), (241, 281), (301, 281), (313, 281), (381, 281), (390, 281), (275, 285), (348, 285), (371, 285), (296, 289), (312, 289), (406, 289), (246, 293), (270, 293), (326, 293), (292, 297), (382, 297), (330, 305), (305, 309), (370, 309), (416, 309), (217, 313), (269, 313), (400, 313), (431, 313), (310, 317), (327, 317), (366, 317), (387, 317), (212, 321), (319, 321), (347, 321), (427, 321), (189, 325), (201, 325), (331, 325), (362, 325), (406, 325), (258, 329), (291, 329), (301, 329), (343, 329), (372, 329), (223, 333), (313, 333), (325, 333), (411, 333), (231, 337), (286, 337), (294, 337), (352, 337), (219, 341), (242, 341), (362, 341), (376, 341), (344, 345), (246, 349), (364, 349), (399, 349), (389, 353), (211, 357), (226, 357), (241, 365), (218, 373), (256, 373), (289, 373), (254, 385), (243, 393), (303, 397), (265, 409), (219, 433), (296, 441), (313, 445), (337, 449), (230, 457), (311, 469)]
103_4.tif;Id20;[(346, 53), (254, 89), (387, 109), (284, 125), (275, 145), (244, 161), (387, 173), (254, 193), (262, 201), (369, 201), (193, 205), (234, 213), (277, 217), (298, 217), (254, 225), (249, 233), (296, 233), (304, 241), (387, 241), (264, 249), (275, 253), (269, 261), (276, 269), (352, 269), (375, 269), (322, 273), (292, 277), (335, 277), (357, 281), (312, 285), (373, 289), (321, 293), (282, 297), (362, 309), (370, 309), (290, 317), (210, 321), (315, 321), (344, 321), (260, 329), (319, 349), (199, 353), (220, 373), (248, 377), (340, 393)];[(257, 25), (346, 53), (321, 81), (330, 81), (287, 101), (335, 105), (337, 137), (306, 157), (330, 157), (289, 173), (438, 173), (351, 177), (367, 185), (275, 189), (267, 197), (366, 197), (299, 201), (328, 201), (378, 209), (350, 213), (288, 225), (385, 233), (351, 237), (377, 245), (385, 245), (292, 249), (395, 253), (268, 257), (338, 261), (375, 261), (230, 265), (352, 269), (360, 269), (375, 269), (202, 273), (267, 277), (357, 281), (342, 301), (311, 313), (372, 313), (290, 317), (344, 321), (260, 329), (204, 333), (240, 369), (367, 373), (351, 381)];[(310, 21), (255, 45), (248, 49), (257, 57), (321, 81), (329, 81), (349, 81), (261, 85), (264, 97), (203, 101), (304, 101), (335, 105), (299, 117), (271, 137), (293, 137), (386, 137), (305, 141), (260, 165), (387, 173), (438, 173), (272, 181), (303, 181), (348, 181), (331, 189), (267, 197), (330, 197), (366, 197), (278, 201), (331, 205), (345, 209), (375, 209), (235, 213), (294, 221), (322, 221), (379, 225), (275, 253), (353, 257), (386, 257), (269, 261), (375, 261), (217, 265), (230, 265), (327, 265), (313, 269), (352, 269), (360, 269), (377, 273), (234, 281), (352, 281), (274, 289), (199, 293), (292, 297), (338, 297), (369, 297), (340, 305), (367, 305), (311, 313), (290, 317), (315, 321), (343, 321), (355, 329), (372, 341), (209, 349), (212, 365), (241, 369), (367, 373), (333, 381), (307, 385), (320, 389)]